CustomerID,Tenure_Months,Order_Freq_Month,Discount_Usage_Pct,Avg_Rating,Payment_Failures,Support_Calls,Competitor_Offers_Clicked,Avg_Delivery_Time,Late_Deliveries,Monthly_Charges,Contract_Type,Payment_Method,Churn
ZOM-00001,39,10,10.453037417734024,4.30949012281323,0,2,2,63.81747413844256,2,6869.02,1-Year,Credit Card,0
ZOM-00002,52,13,80.48294019470413,3.238969441582753,1,1,4,31.683306135786427,0,14359.29,Month-to-Month,Credit Card,0
ZOM-00003,29,10,49.231551616820866,5.0,1,2,8,19.270814818659098,1,11515.92,1-Year,Credit Card,0
ZOM-00004,15,7,36.02492467095608,4.872345198649904,1,0,2,35.17377479505479,0,9782.56,Month-to-Month,Bank Transfer,0
ZOM-00005,43,15,46.13536422335594,3.543879791141831,0,0,5,30.498171046260367,1,4028.24,1-Year,Credit Card,0
ZOM-00006,8,9,41.08466891308944,3.3655361076888233,1,1,3,41.93519605354993,1,4027.93,1-Year,PayPal,0
ZOM-00007,21,4,78.18941706375574,3.5701762051584844,0,1,0,30.597579496204943,4,2755.09,Month-to-Month,Credit Card,1
ZOM-00008,39,15,0.9327362404854878,3.5599142434989783,1,2,7,33.190815062959636,4,13260.29,1-Year,Bank Transfer,0
ZOM-00009,58,10,43.315857862352736,3.3008834815439285,1,2,2,34.64836429164269,1,9814.5,1-Year,Bank Transfer,0
ZOM-00010,19,5,15.885466820817928,4.45144685849781,0,2,7,23.159119595835342,2,11204.94,Month-to-Month,Bank Transfer,1
ZOM-00011,23,9,30.828584707951943,4.442739567377657,0,1,4,33.1619379682011,0,2267.6,1-Year,PayPal,1
ZOM-00012,11,9,11.217119548074104,3.203936788336239,0,3,7,34.35828700108652,2,14608.83,Month-to-Month,Bank Transfer,1
ZOM-00013,11,8,42.69881017683439,5.0,1,1,0,28.15611742199176,0,12821.75,2-Year,PayPal,0
ZOM-00014,24,8,64.3295134851508,3.3976706352671813,0,1,5,38.57432544671231,1,4760.41,Month-to-Month,Credit Card,0
ZOM-00015,53,11,66.15932335258105,2.5816653301246513,1,2,2,46.55449756859627,2,4363.72,Month-to-Month,Bank Transfer,0
ZOM-00016,36,7,79.67437271105277,4.7130473250380485,0,1,4,32.71379741190282,2,4384.26,2-Year,Credit Card,0
ZOM-00017,40,9,81.50114012767274,4.189898594330447,2,1,3,34.90246040776905,1,5955.15,Month-to-Month,Bank Transfer,0
ZOM-00018,24,7,59.77334536411749,3.890179638989516,1,1,8,32.51372008731217,6,8821.83,1-Year,Credit Card,1
ZOM-00019,3,3,35.31499962553022,4.3094708808414275,0,3,2,53.02362072178535,0,7615.29,2-Year,Credit Card,0
ZOM-00020,22,10,5.13154848611358,4.161752158205449,1,2,6,28.837624615868503,0,5785.98,2-Year,Credit Card,0
ZOM-00021,53,7,3.5869987525777747,4.7588579326916625,0,1,3,28.43418721377588,4,9954.09,1-Year,Credit Card,0
ZOM-00022,2,6,11.32631046253264,4.039055684315695,0,2,2,29.733277135535182,5,3813.42,Month-to-Month,Credit Card,1
ZOM-00023,24,11,98.38314311808384,3.804363324427926,0,1,9,47.860217589587336,1,5797.88,2-Year,PayPal,0
ZOM-00024,44,4,78.59774329039378,4.37277830065414,0,1,2,48.71995942272717,1,6762.7,Month-to-Month,Credit Card,0
ZOM-00025,30,4,40.48722519499627,4.8346938827419645,0,0,3,26.770595903897867,1,7928.91,1-Year,Bank Transfer,0
ZOM-00026,38,5,46.62011692763615,4.122012268854612,0,2,6,43.18704189580301,3,12207.29,Month-to-Month,Credit Card,1
ZOM-00027,2,8,73.73813438870674,4.160862165698268,0,0,8,31.21574702990507,1,4595.76,1-Year,PayPal,0
ZOM-00028,21,10,51.440064141654496,5.0,2,0,5,21.45288394362777,0,8685.05,1-Year,Credit Card,0
ZOM-00029,33,12,36.041624267749725,4.236915822632119,0,0,0,21.438881099170228,2,9701.39,2-Year,Bank Transfer,0
ZOM-00030,12,9,34.95606594971936,3.031744685795181,0,0,7,33.633783647943794,1,2603.86,Month-to-Month,Bank Transfer,0
ZOM-00031,58,3,20.964166385757988,4.263156048321086,1,0,1,43.63265993866847,1,9898.08,1-Year,Credit Card,0
ZOM-00032,22,8,88.56115980123353,4.206053888524558,0,2,8,35.434030504464815,0,4216.81,1-Year,PayPal,0
ZOM-00033,44,7,41.415382899448005,4.405546064797422,1,0,2,36.563603083451376,2,2845.67,1-Year,PayPal,0
ZOM-00034,25,10,75.23629368501715,4.384334951068306,0,1,9,17.42297576841558,3,14335.51,Month-to-Month,PayPal,0
ZOM-00035,49,7,57.37620964523165,4.212563968182916,2,0,6,31.73843825682796,2,14553.22,1-Year,Bank Transfer,0
ZOM-00036,27,10,75.40936521545726,4.4619474268366295,1,0,5,32.66737686916721,2,12509.17,1-Year,Credit Card,1
ZOM-00037,59,9,32.09099459102303,3.233016687022196,1,0,8,31.369870407122495,1,5959.98,Month-to-Month,PayPal,1
ZOM-00038,42,4,75.20087535303261,5.0,0,1,2,25.24191501104246,3,3269.74,2-Year,Credit Card,0
ZOM-00039,28,6,78.99682932223479,4.257632020827633,0,1,1,54.48789896158316,0,10895.03,Month-to-Month,Bank Transfer,0
ZOM-00040,16,9,10.42800828590188,3.34534280721384,0,2,2,41.13034645634017,0,7721.98,2-Year,Credit Card,0
ZOM-00041,15,11,9.14637801099528,3.0212652480104576,0,2,3,43.78903669347638,1,3586.5,1-Year,PayPal,0
ZOM-00042,47,11,98.54957188221395,4.570536990240876,0,0,4,36.35265530669938,1,8437.3,2-Year,Credit Card,0
ZOM-00043,51,3,11.795400324769489,3.8826856053995287,1,2,5,48.7430040517255,0,2447.05,Month-to-Month,Credit Card,1
ZOM-00044,44,7,68.48408703715442,4.438988017861445,1,1,6,25.95753100647224,0,13821.17,2-Year,Bank Transfer,0
ZOM-00045,55,10,74.78132317487834,5.0,0,3,9,43.9759357597268,1,5364.14,Month-to-Month,Bank Transfer,0
ZOM-00046,52,10,6.35108160882144,4.2208273222809725,1,1,2,23.551980734418215,0,10612.79,1-Year,Bank Transfer,0
ZOM-00047,57,11,74.65109329889849,5.0,0,1,8,35.96774504833405,1,6052.24,2-Year,Credit Card,0
ZOM-00048,3,5,41.9514945854895,3.4174723426000115,1,2,2,35.50240032378867,2,8760.88,1-Year,Credit Card,0
ZOM-00049,37,5,27.46740034450297,4.4094142489600126,1,1,2,36.421621719657395,2,9107.23,2-Year,Bank Transfer,0
ZOM-00050,51,10,66.5330643864542,3.5179757775790317,1,0,7,35.55378085741757,0,4403.11,1-Year,PayPal,0
ZOM-00051,7,10,83.31244890188889,3.274544408740939,2,0,9,13.64466902910102,0,14604.6,Month-to-Month,Bank Transfer,0
ZOM-00052,21,9,57.2794502388606,4.35127906213373,0,0,2,31.377528822646724,1,12076.73,1-Year,Credit Card,0
ZOM-00053,9,5,87.0627599603582,5.0,0,0,6,34.67841183988547,3,14213.49,2-Year,PayPal,0
ZOM-00054,39,12,2.2355959345148446,4.973519167193225,1,1,0,30.403901109285137,0,13632.76,1-Year,Credit Card,0
ZOM-00055,18,6,73.860478857375,5.0,0,1,0,19.76962896946472,1,9772.7,2-Year,Bank Transfer,0
ZOM-00056,4,10,16.940247508143536,4.158525063329763,2,1,4,31.87089186176444,2,13984.37,2-Year,Bank Transfer,0
ZOM-00057,25,6,28.60739554349817,4.47151595193534,1,2,8,41.59427786152757,1,3150.4,1-Year,Credit Card,0
ZOM-00058,14,16,57.225238888837495,4.7320636623288,1,2,7,50.395003656083766,4,4547.78,Month-to-Month,Bank Transfer,0
ZOM-00059,50,11,27.44451069643703,4.291532646717793,1,0,1,33.926050370457745,0,2587.95,2-Year,Bank Transfer,0
ZOM-00060,58,6,16.815385428317242,4.9098834181848305,1,2,7,33.00728292198199,0,6229.29,1-Year,Credit Card,0
ZOM-00061,9,4,88.54982188414478,3.768070981513146,2,0,9,27.57524883515239,4,7052.8,Month-to-Month,Bank Transfer,1
ZOM-00062,26,11,90.67234503062495,3.646451326818991,1,2,8,50.83394426208172,1,5527.54,2-Year,Credit Card,0
ZOM-00063,53,7,3.6371417752842694,3.7894164222265343,0,0,3,28.04918760091155,1,12773.59,1-Year,Bank Transfer,0
ZOM-00064,2,8,50.01211441849806,3.3935700234124067,0,1,8,31.93494362163551,1,6637.79,Month-to-Month,Credit Card,1
ZOM-00065,20,8,20.367883115443185,2.854712380627086,0,2,3,39.75991753288359,1,5652.15,1-Year,Credit Card,0
ZOM-00066,28,7,86.34087939467938,4.076180915566741,0,2,7,44.769309525396,1,9055.05,Month-to-Month,Bank Transfer,1
ZOM-00067,47,11,46.25212570681456,2.412270422723525,0,0,6,30.0787092753369,2,3832.01,2-Year,Bank Transfer,0
ZOM-00068,7,13,47.84577427931307,3.8788715677545857,0,0,6,33.21685960701887,3,12428.56,1-Year,Bank Transfer,0
ZOM-00069,44,9,62.74726631699769,2.5454925664254815,1,2,8,32.84616003267748,0,2969.16,Month-to-Month,Bank Transfer,1
ZOM-00070,8,11,5.562407688505944,5.0,0,0,7,21.606937527527627,2,14829.53,1-Year,PayPal,0
ZOM-00071,47,11,12.729807431869578,3.879916458079387,0,1,9,39.50604803543719,1,12039.18,1-Year,PayPal,0
ZOM-00072,35,11,49.83851618867119,1.950696086285582,0,0,9,29.049451034190177,3,4583.3,Month-to-Month,PayPal,1
ZOM-00073,14,7,96.67069159129191,4.224630159716626,1,0,5,30.711986449256703,0,2071.79,1-Year,Bank Transfer,0
ZOM-00074,17,2,84.36055696392096,4.412498224268286,1,1,3,38.40835187622043,3,12601.0,Month-to-Month,Credit Card,1
ZOM-00075,36,5,88.93611551466304,3.718960841924227,2,1,4,35.956854584248276,1,11189.15,1-Year,Bank Transfer,0
ZOM-00076,50,8,13.71550266587761,5.0,2,2,3,52.736777303533614,2,11477.09,2-Year,Bank Transfer,0
ZOM-00077,40,13,95.86239144504124,4.671461913629635,1,1,0,52.70818126448722,4,12026.51,1-Year,Credit Card,0
ZOM-00078,4,10,72.99925317003472,4.002904390529175,0,0,5,49.577373642095445,3,2962.58,1-Year,Credit Card,0
ZOM-00079,2,7,32.56850399555356,4.621534493387327,0,1,8,55.13815106717132,2,6660.05,Month-to-Month,Credit Card,1
ZOM-00080,6,4,86.44671613372593,5.0,0,1,6,51.10240646285853,2,3506.3,1-Year,PayPal,0
ZOM-00081,54,12,74.73098518808953,3.22829512300792,1,0,9,18.584313024973525,0,13220.34,Month-to-Month,Bank Transfer,0
ZOM-00082,42,9,73.65097653410506,3.5436000270042616,0,2,3,40.53280494163966,0,10102.88,Month-to-Month,Bank Transfer,0
ZOM-00083,4,10,73.46204829605651,4.220161367753373,0,4,0,38.19834352394587,0,6301.67,2-Year,Bank Transfer,0
ZOM-00084,54,11,80.08536332259305,2.860200435634793,1,3,7,37.75480038175216,1,2826.26,Month-to-Month,Credit Card,1
ZOM-00085,29,4,94.85291604654137,4.42853565340651,0,0,1,30.202241253501253,0,6042.77,2-Year,Credit Card,0
ZOM-00086,18,5,13.68717205761464,5.0,0,1,1,17.523109081102465,0,6227.38,1-Year,Bank Transfer,0
ZOM-00087,26,4,99.952242686301,4.09890027151824,1,1,6,29.507253609926856,3,11484.88,Month-to-Month,Bank Transfer,1
ZOM-00088,44,8,87.23396173640441,2.9326897692303913,0,3,7,28.259545275018436,3,10288.25,1-Year,Credit Card,1
ZOM-00089,34,9,44.1627204692538,4.8416390291381886,1,1,1,41.9581357025492,2,13533.77,1-Year,Bank Transfer,0
ZOM-00090,10,2,15.743787288875266,5.0,1,2,1,32.16098517559105,2,8138.79,Month-to-Month,Credit Card,1
ZOM-00091,36,11,45.37883866465805,2.0229545069682597,2,2,3,47.41922218039925,2,3554.73,Month-to-Month,Bank Transfer,0
ZOM-00092,14,6,77.86117464169592,4.62559713526352,0,1,8,52.814926506440806,3,11272.18,Month-to-Month,Credit Card,1
ZOM-00093,31,9,60.2453467355111,4.717864003254652,1,1,8,26.785520009554137,2,11890.21,2-Year,Credit Card,1
ZOM-00094,48,14,27.955091602522273,4.582100069375108,0,2,7,24.432488276764182,1,9296.6,1-Year,PayPal,0
ZOM-00095,15,11,40.67947136603649,4.387862400582908,1,1,6,39.90113921913819,2,12022.57,1-Year,PayPal,0
ZOM-00096,8,8,95.42988498767066,4.29562458750449,1,1,7,41.06607401274802,3,8419.34,1-Year,Credit Card,0
ZOM-00097,14,8,80.38208556315848,3.990983556428458,1,0,6,36.109713872940176,2,8795.53,Month-to-Month,Bank Transfer,1
ZOM-00098,23,11,12.406937574688223,5.0,1,1,2,23.404935120428895,0,7558.03,1-Year,Bank Transfer,0
ZOM-00099,57,12,54.53919617484792,4.272112162702131,0,1,3,38.37940224355108,4,2330.45,Month-to-Month,Credit Card,0
ZOM-00100,40,13,93.09848765087553,5.0,0,3,1,32.850327740461864,0,3402.59,Month-to-Month,Credit Card,0
ZOM-00101,21,9,3.4308788260434486,4.957385721263931,0,2,7,41.98679223547561,1,2408.58,1-Year,PayPal,1
ZOM-00102,16,11,4.254736947961413,4.288664684661462,0,3,7,32.74378557449669,1,10273.34,2-Year,Bank Transfer,0
ZOM-00103,45,5,71.67327311405849,3.4657693366909914,0,1,6,43.29973893220219,2,6086.63,Month-to-Month,PayPal,1
ZOM-00104,18,10,57.55456290998998,4.650332418221348,0,0,8,43.34415788614466,2,8611.42,1-Year,Credit Card,0
ZOM-00105,47,8,4.599946430988688,3.5320603540423336,1,2,6,29.16801728218329,2,13798.36,1-Year,Bank Transfer,0
ZOM-00106,53,9,99.6016485227862,3.674128635017673,0,2,2,42.41600217945839,1,5240.8,Month-to-Month,Credit Card,0
ZOM-00107,24,6,58.00952957092703,3.909570926677606,1,1,7,40.25346813703399,3,7334.98,Month-to-Month,Credit Card,1
ZOM-00108,26,6,49.19297435833441,3.1760289159476662,1,0,2,33.33161723060856,2,11822.16,Month-to-Month,Bank Transfer,1
ZOM-00109,25,11,44.76970390674134,5.0,0,1,0,46.96458860578298,0,4974.38,Month-to-Month,Credit Card,0
ZOM-00110,45,11,70.06839368098107,3.237446719564294,0,2,0,22.246852378603332,2,3000.74,2-Year,Credit Card,0
ZOM-00111,41,7,45.83570276624553,4.417705517663557,2,1,3,30.682690490345035,4,5766.77,1-Year,Bank Transfer,0
ZOM-00112,29,9,65.90767790789945,3.5629140874004133,0,0,1,46.655578998517754,2,4095.88,1-Year,Credit Card,0
ZOM-00113,15,4,48.83342131528803,3.055821541069317,0,1,9,36.81763913987777,0,14086.07,Month-to-Month,Bank Transfer,1
ZOM-00114,45,13,61.07177605322324,4.018529228031385,0,2,7,33.63692009329781,0,12505.56,Month-to-Month,Credit Card,0
ZOM-00115,1,5,80.51861303160418,4.0867121045245565,0,0,0,32.29213098463342,4,10234.25,2-Year,Credit Card,0
ZOM-00116,25,5,81.7168086777842,5.0,0,1,5,27.043958981667295,4,13328.99,Month-to-Month,Credit Card,0
ZOM-00117,7,7,84.90482201643839,4.533199811229741,0,0,3,48.82552225853488,3,12447.74,Month-to-Month,Credit Card,0
ZOM-00118,9,8,20.296971768056093,4.371968608656239,0,0,7,36.84065220231392,0,4425.41,1-Year,Bank Transfer,0
ZOM-00119,24,6,6.1119900557368485,4.809403189248563,0,2,2,35.34747094699049,1,13603.27,Month-to-Month,Credit Card,0
ZOM-00120,1,11,83.6138473935858,3.97548481040753,0,1,4,46.01694710069858,3,9011.45,Month-to-Month,Bank Transfer,0
ZOM-00121,44,8,4.229784533128422,3.711391084478465,0,2,6,46.159599642311875,1,12496.72,1-Year,Credit Card,0
ZOM-00122,8,10,21.349074661098243,3.6730771659415256,0,0,0,37.31492115643341,2,13649.19,1-Year,Credit Card,0
ZOM-00123,24,5,52.61987984685289,3.6244291356868454,0,2,3,59.69609634413508,1,6134.05,2-Year,PayPal,0
ZOM-00124,11,7,85.54334302667075,4.437108851860452,1,0,1,21.216077915130388,0,3430.68,1-Year,Bank Transfer,0
ZOM-00125,51,6,89.6781280573304,3.0325435339996116,2,1,3,51.57353018244415,3,4963.16,Month-to-Month,Bank Transfer,1
ZOM-00126,17,7,62.80506546175062,4.015519480619321,1,1,1,39.86325109794897,0,7552.4,Month-to-Month,PayPal,0
ZOM-00127,8,8,96.67586933994016,5.0,0,2,1,42.62222782650673,0,12634.19,Month-to-Month,Credit Card,0
ZOM-00128,35,11,72.99429351068216,4.444804276404759,1,1,9,22.729205384973845,2,13189.5,2-Year,PayPal,0
ZOM-00129,35,9,52.77244019670086,4.12062166293999,0,2,6,25.062271083017396,1,2090.38,1-Year,Bank Transfer,0
ZOM-00130,33,8,13.437058147343128,3.781017495021061,0,1,7,33.97490771560827,3,8639.71,2-Year,Bank Transfer,0
ZOM-00131,59,7,42.87855137888496,3.5111129175634472,0,1,6,38.3479459237252,1,7426.34,Month-to-Month,PayPal,0
ZOM-00132,5,6,82.23408486032524,5.0,0,2,8,38.25744903007425,1,4887.4,1-Year,Credit Card,0
ZOM-00133,42,5,28.364720005421027,4.281348129978858,1,0,7,33.41765391206196,1,3558.25,Month-to-Month,Bank Transfer,0
ZOM-00134,39,9,57.82711449032016,3.792019834030063,2,2,7,28.689308184006393,2,6389.0,Month-to-Month,Bank Transfer,1
ZOM-00135,58,6,98.34345037961918,3.957175231371116,0,2,5,36.35657692110234,0,14257.83,1-Year,Credit Card,0
ZOM-00136,41,5,17.442393517603417,3.4909497897748953,0,1,4,16.887444467964976,1,6201.64,Month-to-Month,Credit Card,1
ZOM-00137,28,3,10.14572575146614,4.289821980260578,1,1,0,56.48059397696247,0,8744.28,Month-to-Month,Credit Card,1
ZOM-00138,7,11,79.55966788413382,4.285590762244887,1,1,1,33.46147473700848,2,11139.25,2-Year,Bank Transfer,0
ZOM-00139,9,8,2.492181712226138,4.6894620471092665,1,3,9,27.08447501763774,1,6727.18,Month-to-Month,Bank Transfer,1
ZOM-00140,8,9,64.32559354256017,2.9845121640635406,0,1,0,27.81795309401927,2,14633.17,2-Year,Bank Transfer,0
ZOM-00141,12,7,33.57449940049004,4.306929024979494,0,3,8,23.79474674129176,1,14511.81,1-Year,Credit Card,0
ZOM-00142,34,5,72.38138112881458,4.649968352844953,0,1,3,45.404203182942645,1,5273.17,Month-to-Month,Credit Card,1
ZOM-00143,33,9,12.025317233920395,4.071156947002526,1,0,2,40.168265510105776,1,8464.23,1-Year,PayPal,0
ZOM-00144,48,7,33.0043942300576,5.0,0,0,9,33.78817897525275,3,5911.42,2-Year,Credit Card,0
ZOM-00145,55,5,1.703690378558964,4.719682012106731,0,1,1,33.56204625879642,2,5702.93,1-Year,Bank Transfer,0
ZOM-00146,23,9,23.50909939964641,5.0,1,0,6,31.009748945375136,2,2479.53,Month-to-Month,Bank Transfer,0
ZOM-00147,24,7,48.325865221810325,3.3430344108974666,1,0,5,14.746633688116123,0,9924.34,1-Year,Bank Transfer,0
ZOM-00148,37,2,17.761341248978734,2.7428766246165854,1,1,9,42.812951072267474,3,8534.83,Month-to-Month,Bank Transfer,1
ZOM-00149,35,6,59.96555344206397,4.427361916746222,0,2,9,35.05727016540384,3,2669.22,Month-to-Month,PayPal,0
ZOM-00150,44,6,11.814662277953204,2.5768243564241304,1,2,6,40.98421834442167,1,5622.4,1-Year,Credit Card,0
ZOM-00151,40,7,74.52235491265145,3.723234398445083,0,2,0,44.07019821281964,2,13807.46,1-Year,PayPal,0
ZOM-00152,22,10,92.16647650321508,4.177099362958863,0,2,0,45.49643943175582,1,5114.3,1-Year,Credit Card,0
ZOM-00153,27,13,38.59254662289092,4.79864858916664,0,1,9,36.51993248023222,0,3883.63,1-Year,Credit Card,0
ZOM-00154,35,8,52.820606752782986,4.273645085898183,0,3,3,36.39955475046064,5,8362.89,Month-to-Month,Credit Card,0
ZOM-00155,1,6,48.85133627078974,5.0,0,0,4,46.193111003050376,2,14813.46,1-Year,Bank Transfer,0
ZOM-00156,35,10,78.53954729826991,3.643286009860385,0,4,1,33.96139179745146,1,5146.72,2-Year,Credit Card,0
ZOM-00157,37,10,99.41910297712052,3.4719374362604425,1,2,9,48.174714256782295,0,10737.76,1-Year,Credit Card,0
ZOM-00158,47,6,73.5685979234037,5.0,0,1,5,45.865563555993035,1,11901.05,1-Year,Credit Card,0
ZOM-00159,14,7,21.45302288725215,4.078119881455152,0,0,1,29.67029573811684,0,5089.29,2-Year,PayPal,0
ZOM-00160,3,10,69.60801516619827,4.3042520162508495,0,1,6,28.167718373931365,0,11466.81,2-Year,PayPal,0
ZOM-00161,1,11,61.57639944318252,3.7492171969842176,0,1,9,23.850756691375526,1,6781.18,Month-to-Month,Bank Transfer,0
ZOM-00162,5,10,21.011988570445073,3.493944786409258,0,0,1,43.92755778085936,0,10219.98,Month-to-Month,Bank Transfer,0
ZOM-00163,26,5,24.096183502250756,4.074399513989976,0,1,0,8.195716446805989,3,10235.89,2-Year,Credit Card,0
ZOM-00164,55,8,65.27868089091818,5.0,2,0,8,8.395238329004746,3,8965.07,2-Year,Credit Card,0
ZOM-00165,14,18,80.78186605719776,4.0226205955284655,0,1,3,38.76044318017183,2,3173.77,2-Year,PayPal,0
ZOM-00166,39,7,76.24040635274477,2.2067817908011924,0,0,0,19.95895885979572,3,12858.93,2-Year,Credit Card,0
ZOM-00167,27,5,60.641189053475294,3.318124999633985,0,1,7,24.497594148354963,1,6170.14,Month-to-Month,Credit Card,1
ZOM-00168,9,2,93.7542287536437,5.0,1,1,8,36.804908299222696,1,4424.74,2-Year,Credit Card,1
ZOM-00169,15,8,73.10455363623782,2.1733314871128298,2,0,5,19.83935068637175,2,2530.08,1-Year,Bank Transfer,0
ZOM-00170,15,6,54.19159560260969,3.616836723434794,0,2,9,21.56684063590228,1,9681.61,Month-to-Month,Credit Card,1
ZOM-00171,26,5,81.6204995282764,4.551798551042237,0,0,9,50.83503205333754,4,10808.34,1-Year,Bank Transfer,1
ZOM-00172,42,4,29.04839792766557,4.571312261969755,0,1,3,38.94324888134344,0,2215.64,Month-to-Month,Credit Card,1
ZOM-00173,13,10,26.349274470064287,4.589411400479157,0,0,1,44.32763630802845,2,8657.21,1-Year,Bank Transfer,0
ZOM-00174,51,9,97.1455095139478,4.915029435980163,0,2,7,29.050127219141444,2,4944.45,Month-to-Month,Credit Card,0
ZOM-00175,32,10,94.98217005126487,4.024451986423197,1,1,2,52.20286242664563,2,10387.25,Month-to-Month,Credit Card,0
ZOM-00176,39,6,88.05161707508265,3.383012353168582,0,1,5,4.214379813178177,1,4266.76,Month-to-Month,Credit Card,1
ZOM-00177,49,5,21.436909690827267,4.024620251836084,0,0,5,18.887015564936952,1,10982.19,1-Year,Bank Transfer,0
ZOM-00178,52,8,58.76889837470788,5.0,1,0,0,17.759765534351548,2,7027.56,1-Year,Credit Card,0
ZOM-00179,32,7,53.50500892219634,2.8731508481641197,1,0,6,25.82323776238397,0,14177.49,1-Year,Bank Transfer,0
ZOM-00180,4,4,20.310848572394857,3.833214999273445,1,0,6,46.782452825792944,0,3787.77,Month-to-Month,Bank Transfer,1
ZOM-00181,30,8,44.77881709166898,4.2151991789101135,0,2,4,54.626984162272635,0,6433.86,2-Year,Bank Transfer,0
ZOM-00182,37,4,46.51458554488735,3.6754177061728344,0,2,1,36.41825226461275,0,3475.16,Month-to-Month,Credit Card,0
ZOM-00183,23,8,24.062263870143973,3.7805127978916873,0,1,3,40.594681499829186,1,14021.02,1-Year,Credit Card,0
ZOM-00184,39,6,95.48808203825872,4.525309752582441,0,1,6,10.899236096631304,0,13405.41,Month-to-Month,Credit Card,0
ZOM-00185,45,15,49.271499164161355,4.30646502202198,1,2,5,40.103285015818166,1,5353.24,1-Year,Bank Transfer,0
ZOM-00186,15,5,52.48918636403362,4.958330596646695,0,0,8,28.35902301698641,1,10579.79,Month-to-Month,Credit Card,1
ZOM-00187,43,6,59.857889213549285,4.64314547038896,1,1,7,24.172005009010036,0,12623.89,2-Year,PayPal,0
ZOM-00188,29,5,88.6952439058839,5.0,0,1,4,30.699415425620312,0,9217.61,1-Year,PayPal,0
ZOM-00189,36,5,53.33096842561509,3.682425825388446,0,0,6,33.28495792724413,2,8885.46,2-Year,Credit Card,0
ZOM-00190,13,9,54.096576454032345,5.0,1,1,2,47.86659109170597,0,5144.08,Month-to-Month,Credit Card,0
ZOM-00191,32,9,24.019333509286938,2.857190302331352,0,2,3,19.142443165147636,1,3210.34,1-Year,Bank Transfer,0
ZOM-00192,7,8,60.28171913431709,4.842980663224209,0,3,6,24.628922000989007,1,13663.8,1-Year,Credit Card,0
ZOM-00193,59,9,38.11495315875365,3.38772763389581,1,0,0,47.0477659570268,3,13705.43,1-Year,Credit Card,0
ZOM-00194,51,9,64.67814958452634,2.888442120110281,0,1,8,22.50652563077194,3,10230.32,2-Year,PayPal,0
ZOM-00195,22,7,30.074635652914907,5.0,1,1,6,16.25660479953497,0,6407.39,1-Year,Credit Card,0
ZOM-00196,28,7,71.57283697393596,3.902742244905696,1,1,8,58.54519364578558,1,6539.72,2-Year,PayPal,0
ZOM-00197,2,6,61.89027844561924,3.179736435470158,0,0,6,23.751316203604944,1,11437.42,Month-to-Month,Bank Transfer,0
ZOM-00198,42,7,47.44839725261664,3.877083263486703,0,0,4,33.33599099401852,0,13662.43,2-Year,Bank Transfer,0
ZOM-00199,45,4,9.667243373102174,3.654891907886426,0,2,0,32.7696851740896,1,13532.12,Month-to-Month,Credit Card,0
ZOM-00200,57,7,62.69681612612399,4.071011156867007,1,1,6,48.83078583204452,3,12138.38,Month-to-Month,Credit Card,1
ZOM-00201,53,8,85.92789585833613,3.937479992962873,1,2,9,35.79502023429984,3,10346.41,Month-to-Month,Bank Transfer,1
ZOM-00202,6,8,17.107439598517082,3.112583093997057,1,1,8,38.16410627347204,0,3093.82,Month-to-Month,Credit Card,1
ZOM-00203,28,7,8.471946532761642,4.250792297860322,0,3,2,42.40888960425298,2,4101.17,2-Year,Credit Card,0
ZOM-00204,28,11,3.956878352180615,4.1895967641931975,0,1,4,43.41813116338864,0,13681.2,1-Year,Credit Card,0
ZOM-00205,44,5,3.1818737808954833,5.0,0,2,9,44.347822297847365,2,9883.58,Month-to-Month,Credit Card,1
ZOM-00206,44,1,84.20691733781317,5.0,2,2,2,48.68160613990598,1,2119.56,Month-to-Month,Credit Card,1
ZOM-00207,20,6,72.76149404789571,4.204739266804378,0,0,0,28.18267779720183,1,3319.13,1-Year,Bank Transfer,0
ZOM-00208,30,9,20.229833490693615,4.568474150658603,1,2,7,25.43508101272748,0,10625.52,1-Year,Credit Card,0
ZOM-00209,11,5,91.71175298161458,3.3613432922028927,0,0,6,30.290859807818617,1,2065.8,2-Year,Credit Card,0
ZOM-00210,58,8,13.533981400838924,4.727336854856237,1,0,9,27.40656432742688,0,4090.5,Month-to-Month,Bank Transfer,0
ZOM-00211,55,10,37.41627367468945,5.0,0,1,7,42.96617012451827,0,9133.54,1-Year,PayPal,0
ZOM-00212,28,12,45.21083047698436,3.284204172251379,0,1,2,14.382402663313696,0,10994.64,2-Year,Credit Card,0
ZOM-00213,25,5,7.589575172446605,3.711236382641648,1,0,4,48.03117559608815,0,10475.5,Month-to-Month,Credit Card,1
ZOM-00214,39,4,34.74742018620558,4.396502074862398,0,1,6,39.73139306071466,1,4915.5,Month-to-Month,Bank Transfer,1
ZOM-00215,33,11,10.188069685269308,4.347856037213761,0,0,8,18.31599825092269,3,11258.33,1-Year,PayPal,1
ZOM-00216,1,8,78.97743907533187,4.291508698905882,0,2,5,35.3456083407275,2,5084.24,Month-to-Month,Bank Transfer,1
ZOM-00217,57,15,4.682810871094256,3.651068604684757,0,1,2,38.33960855571496,1,6230.2,1-Year,Bank Transfer,0
ZOM-00218,27,5,1.7136570088211345,3.0785065446622606,1,0,6,43.898568946716736,3,11704.39,Month-to-Month,Credit Card,1
ZOM-00219,57,12,73.2498683286184,3.5147450379045373,1,1,6,34.47224988493349,1,10445.23,Month-to-Month,Bank Transfer,0
ZOM-00220,52,5,78.08483163017246,4.864167757540492,0,0,2,34.98968262810332,4,13039.9,1-Year,Credit Card,0
ZOM-00221,13,5,49.56300126262707,5.0,0,2,4,33.76049994204999,2,10548.97,Month-to-Month,Bank Transfer,1
ZOM-00222,41,10,31.787258906358893,4.629694719813332,0,1,5,46.35791453826603,1,9388.01,1-Year,Bank Transfer,0
ZOM-00223,3,6,23.64531291851606,3.9302193960400937,1,0,0,53.8704769007695,0,3217.77,2-Year,PayPal,0
ZOM-00224,39,11,11.702789982693652,4.861695274770059,0,0,0,37.98937313150682,1,6780.31,2-Year,Credit Card,0
ZOM-00225,6,8,48.42301693979078,3.1145407384256143,1,1,3,29.111189932986935,2,5447.63,1-Year,Credit Card,0
ZOM-00226,8,7,49.108913195649585,4.174698698077643,0,1,9,38.82383128249408,1,5171.87,2-Year,Bank Transfer,0
ZOM-00227,27,9,45.59607512032565,3.7231640617260178,0,1,6,53.80745556132444,1,14649.14,1-Year,Bank Transfer,0
ZOM-00228,9,13,77.82625988482859,3.9735214006781607,0,4,6,35.08934975000833,1,7110.27,Month-to-Month,Bank Transfer,0
ZOM-00229,37,5,9.977686022558451,3.748206445625444,0,0,7,27.948816887093543,0,13596.61,Month-to-Month,Credit Card,1
ZOM-00230,33,5,67.00100239998777,3.3117335526790264,1,1,5,51.01991399096933,0,10204.8,Month-to-Month,Credit Card,1
ZOM-00231,51,15,40.15673228999893,5.0,1,1,6,37.33953264203336,1,12332.55,Month-to-Month,Bank Transfer,0
ZOM-00232,42,4,24.09498865244526,3.7020775576497704,1,2,5,36.032563280969555,1,8534.28,Month-to-Month,Credit Card,1
ZOM-00233,44,7,68.15941118784741,3.698637915169618,0,0,4,20.205172789897787,1,9499.75,Month-to-Month,PayPal,1
ZOM-00234,24,11,19.767789886201783,4.153803978627643,2,1,9,36.16429177512085,2,8402.73,Month-to-Month,Credit Card,1
ZOM-00235,15,10,23.091699358259575,4.365622561184964,0,2,5,43.743106085429375,5,4538.16,1-Year,Bank Transfer,0
ZOM-00236,59,10,99.85456537471848,5.0,1,1,9,30.013525572549593,5,11391.88,Month-to-Month,Bank Transfer,0
ZOM-00237,54,18,88.86687260967616,4.336349236138987,0,1,3,32.693795400679754,2,5650.04,2-Year,Bank Transfer,0
ZOM-00238,32,14,69.71391184065708,4.643012268455468,1,0,6,35.412805952129276,1,2316.11,2-Year,Credit Card,0
ZOM-00239,32,6,31.576275787026432,2.7230011570368196,0,6,7,35.73005654995237,2,10391.14,1-Year,PayPal,1
ZOM-00240,24,7,53.6718349111983,4.443795095486829,0,0,7,37.04435775648115,4,4302.44,Month-to-Month,Credit Card,0
ZOM-00241,41,7,12.661579518114674,3.5923965306415253,0,0,3,52.49726631495216,3,14225.96,1-Year,Bank Transfer,1
ZOM-00242,52,9,33.39515191495839,3.606860681318112,1,0,2,30.273495668953014,2,14401.07,1-Year,Credit Card,0
ZOM-00243,49,4,6.797053618955284,3.249301941018523,0,2,6,28.412076167074808,2,13893.24,2-Year,Credit Card,0
ZOM-00244,49,6,61.03183314259706,3.9313132411484006,0,0,6,26.87469126767679,2,6812.06,2-Year,Credit Card,0
ZOM-00245,58,10,85.74957417026981,4.5064026513300295,0,1,2,31.786061267330695,3,2200.94,2-Year,Credit Card,0
ZOM-00246,52,10,80.95513010969341,4.545569120394494,0,2,0,24.1374943087824,0,14068.14,1-Year,PayPal,0
ZOM-00247,12,4,85.60812690474971,4.358842253446326,1,1,2,32.77977644936453,1,7566.39,2-Year,Credit Card,0
ZOM-00248,39,9,17.459971858024293,3.7015627960874697,3,3,2,43.06505921797133,0,14566.51,1-Year,Bank Transfer,0
ZOM-00249,2,10,65.00846114481558,3.620043233798032,0,2,5,45.10140316415908,3,14527.06,1-Year,PayPal,0
ZOM-00250,3,4,95.67420381914413,3.865946661143513,2,0,1,24.484223389068127,0,13089.12,Month-to-Month,Credit Card,0
ZOM-00251,49,11,78.32511645716713,4.285858900679294,0,2,3,31.285366164430975,1,5827.84,Month-to-Month,Bank Transfer,0
ZOM-00252,37,8,0.3390378797691551,2.9445128705871046,0,3,4,40.3679518699899,2,7006.27,1-Year,Credit Card,0
ZOM-00253,49,7,88.23066115545114,3.994162287547707,1,1,5,28.981864668646207,1,13064.78,Month-to-Month,Credit Card,0
ZOM-00254,56,12,70.57798499952942,3.9022859439454822,0,2,9,44.49365063591091,0,6119.99,Month-to-Month,Credit Card,1
ZOM-00255,17,6,12.206205592013708,4.482872573581726,1,2,8,33.24910684508493,2,4203.41,Month-to-Month,PayPal,1
ZOM-00256,59,9,31.382258271004304,5.0,1,0,9,18.640163550806932,2,9238.42,Month-to-Month,Credit Card,0
ZOM-00257,49,5,11.751481233190454,4.190760152908794,0,2,4,38.714901683616944,1,14170.01,2-Year,Bank Transfer,0
ZOM-00258,2,8,72.98104977972278,4.209455908890513,1,2,1,42.840030146801936,1,11048.39,Month-to-Month,Bank Transfer,0
ZOM-00259,2,8,0.3523886410120469,4.72791643433929,1,1,6,26.296410200447095,2,9410.8,1-Year,PayPal,0
ZOM-00260,28,6,46.452218140791835,4.038132637731344,0,2,9,29.852535204879,2,3263.29,Month-to-Month,Credit Card,1
ZOM-00261,54,6,99.9808973445324,4.544207431221234,0,2,0,28.832014755659262,1,9995.09,1-Year,Bank Transfer,0
ZOM-00262,23,11,85.11305333336037,5.0,0,1,7,38.08941881437568,1,14870.7,2-Year,Bank Transfer,0
ZOM-00263,37,9,58.722171451788206,3.966073165463367,2,0,6,26.87592561980774,4,3821.09,1-Year,Bank Transfer,0
ZOM-00264,32,13,69.39341440379934,5.0,2,2,7,33.24372943267178,1,8738.29,Month-to-Month,Credit Card,0
ZOM-00265,33,7,60.36387909123216,4.3547260244600405,1,0,0,24.378077401277956,0,13405.85,1-Year,PayPal,0
ZOM-00266,1,5,81.08459468586963,4.837630590575784,0,1,5,32.862767905067116,0,11629.99,Month-to-Month,Credit Card,1
ZOM-00267,19,10,88.59848236570289,5.0,0,0,4,34.473177721682895,0,11061.2,2-Year,Credit Card,0
ZOM-00268,2,7,76.65923829724612,5.0,0,3,1,30.09693188336003,0,11132.29,2-Year,Credit Card,0
ZOM-00269,53,9,18.19625295456011,5.0,0,0,7,17.572622390067927,1,6673.38,1-Year,Credit Card,0
ZOM-00270,44,10,37.25213989186608,5.0,0,3,9,54.448557796952336,0,5816.69,1-Year,Credit Card,0
ZOM-00271,26,7,78.44082121527391,4.336970183622265,1,2,1,38.80444099204475,0,12521.7,2-Year,Credit Card,0
ZOM-00272,32,6,82.3177580060651,3.6378234386006514,1,1,1,28.741181671073388,2,12531.47,Month-to-Month,Credit Card,0
ZOM-00273,6,8,62.88027342341805,4.281121725301254,2,2,8,38.51151081069951,2,13271.94,1-Year,Bank Transfer,0
ZOM-00274,32,7,71.4145221039661,3.339516521427091,1,1,5,42.939379921950405,4,13872.13,Month-to-Month,Credit Card,1
ZOM-00275,55,6,17.449856293051948,3.9361383908320686,0,0,2,39.71316632880761,3,8647.45,1-Year,PayPal,0
ZOM-00276,4,10,37.26658071813189,3.726486832718991,0,1,8,42.109355584794514,0,8519.71,Month-to-Month,Credit Card,1
ZOM-00277,55,9,53.463628151083554,3.0049733135980947,0,0,1,45.366376514891314,2,12377.84,Month-to-Month,Bank Transfer,0
ZOM-00278,11,4,98.3708406019486,4.936437970830017,1,1,7,26.87847476046616,0,10449.53,1-Year,PayPal,0
ZOM-00279,56,9,79.92155902356338,5.0,0,0,3,31.77864489197128,2,11125.57,Month-to-Month,Credit Card,0
ZOM-00280,59,14,19.261976980607,3.616779331614324,2,1,9,35.78794656976797,0,12345.3,1-Year,Credit Card,1
ZOM-00281,17,5,35.2406540444338,4.711811782518103,0,1,1,39.036044153917146,1,13570.07,1-Year,Credit Card,0
ZOM-00282,38,11,21.68982928299664,5.0,0,1,4,38.11664120859535,0,6393.94,2-Year,Credit Card,0
ZOM-00283,24,2,15.225908911706052,5.0,0,3,2,13.891655248107227,1,6882.58,Month-to-Month,PayPal,1
ZOM-00284,5,4,11.998009096984871,3.378973095495078,1,4,8,63.429032167113576,1,3221.77,Month-to-Month,PayPal,1
ZOM-00285,52,9,96.57030408927596,4.9172539422928665,0,2,7,51.69641464913397,1,9517.64,Month-to-Month,Credit Card,1
ZOM-00286,34,2,90.66335660173154,4.063256371099587,1,1,5,29.450952367630094,3,2467.25,Month-to-Month,Credit Card,1
ZOM-00287,6,10,48.32442659149003,4.897646358411901,1,1,5,41.73533846247699,3,8052.77,Month-to-Month,Credit Card,0
ZOM-00288,22,8,54.8544633983998,5.0,0,1,8,28.003742136214093,1,9054.38,Month-to-Month,Credit Card,1
ZOM-00289,11,13,83.86227499122121,4.145764655547883,0,0,1,24.790538292000463,1,5725.04,2-Year,Bank Transfer,0
ZOM-00290,48,6,64.8838359594256,5.0,0,1,6,26.110948307202,0,9680.83,Month-to-Month,Credit Card,0
ZOM-00291,16,11,73.2657916911331,3.5977111111164533,1,1,2,30.243995465479237,1,2396.5,1-Year,Bank Transfer,0
ZOM-00292,33,7,79.11418694214603,3.814580938742302,3,1,2,39.51581388292092,1,2485.53,Month-to-Month,Bank Transfer,0
ZOM-00293,9,4,48.30287573418472,2.619210110979896,0,2,3,40.021150979740824,0,12693.81,2-Year,Credit Card,0
ZOM-00294,59,4,97.47928911324706,5.0,0,0,4,32.88619533351949,2,6682.48,2-Year,Bank Transfer,0
ZOM-00295,6,4,62.836497138444024,2.871681673203336,1,2,4,18.933030433678248,0,3651.79,2-Year,Credit Card,1
ZOM-00296,16,6,63.348525167414834,3.294795198519879,0,1,9,39.43396105652572,1,8789.16,Month-to-Month,PayPal,1
ZOM-00297,29,5,14.104513641364647,4.381519575664487,0,3,0,48.94590435475078,1,12009.92,1-Year,PayPal,0
ZOM-00298,3,11,98.77372121355909,5.0,3,1,9,32.79851511548397,2,4805.67,Month-to-Month,Credit Card,1
ZOM-00299,20,11,7.077553480672149,2.67774373442856,1,0,5,34.344044679741636,0,10097.58,2-Year,Credit Card,0
ZOM-00300,59,4,98.56363508492284,4.495435678475308,1,0,1,55.9496860834627,1,3109.52,1-Year,PayPal,0
ZOM-00301,36,6,91.05655852278896,3.0609074848445563,1,3,1,43.73435729723495,3,2671.86,Month-to-Month,PayPal,1
ZOM-00302,19,7,85.64202716854165,5.0,0,0,8,25.61232469707259,2,8907.61,2-Year,PayPal,0
ZOM-00303,26,6,67.35986942562721,4.33636422133474,4,3,0,23.882776863410903,0,9028.26,2-Year,Bank Transfer,0
ZOM-00304,3,8,60.88580892743356,5.0,0,1,1,22.72332386701796,1,10286.59,2-Year,PayPal,0
ZOM-00305,19,7,99.66200175131917,3.589674256914182,1,2,9,38.79419524580592,0,11439.19,1-Year,Credit Card,0
ZOM-00306,20,4,97.39974862105186,3.835216063322404,0,3,8,51.03064241811671,1,14686.08,Month-to-Month,Bank Transfer,1
ZOM-00307,32,8,81.18330836348608,3.452801670599013,0,2,3,40.72455603026385,1,8711.9,Month-to-Month,PayPal,0
ZOM-00308,7,4,8.686147599745608,5.0,0,1,3,25.3882934857482,2,6198.43,1-Year,Credit Card,0
ZOM-00309,52,13,37.21666125542477,5.0,1,1,9,43.55763396739252,2,12337.42,Month-to-Month,PayPal,0
ZOM-00310,41,7,86.59278098391866,3.675559267557564,1,2,8,27.051575523735018,0,5520.82,1-Year,Credit Card,0
ZOM-00311,33,7,70.25203250767825,4.980512823669464,2,1,4,59.96528249635168,1,7706.63,1-Year,Credit Card,0
ZOM-00312,40,6,12.200420353927754,4.117971136984233,0,1,3,29.406093451970406,3,3019.93,1-Year,Credit Card,0
ZOM-00313,39,9,34.824854129035835,2.6454472191102236,1,2,8,24.322520990032505,0,2329.56,Month-to-Month,PayPal,1
ZOM-00314,18,7,1.9425504177490784,4.602561478272824,1,3,3,38.05268588229205,1,14514.43,Month-to-Month,Credit Card,0
ZOM-00315,40,7,89.28032675426118,4.884711100188159,0,1,3,43.89927844385302,1,12867.74,Month-to-Month,Bank Transfer,0
ZOM-00316,1,10,74.70052856214843,5.0,0,1,6,38.64757093918266,1,11047.66,1-Year,Bank Transfer,0
ZOM-00317,11,10,43.58608606362464,4.257860018532412,0,3,9,38.260009000459846,0,7316.39,2-Year,Credit Card,0
ZOM-00318,28,10,76.0388102519896,3.926869434240485,1,0,9,41.7637534919311,2,4252.83,1-Year,Credit Card,0
ZOM-00319,57,3,93.34221937113884,3.8028062447622872,1,0,0,35.846325858624105,4,4033.68,Month-to-Month,Bank Transfer,1
ZOM-00320,25,9,27.989169265086865,4.923578641321418,0,2,2,39.03868622614227,1,5253.16,1-Year,Credit Card,0
ZOM-00321,50,10,28.58168410648333,4.5365519769248,1,0,9,43.0024028640857,1,9139.95,Month-to-Month,Bank Transfer,1
ZOM-00322,23,10,48.26514814551971,3.690659069868028,1,3,3,22.75320354972232,0,11289.75,1-Year,Credit Card,1
ZOM-00323,31,8,70.68996274585497,4.426574033257134,0,0,7,32.52295590830834,1,10582.57,2-Year,PayPal,0
ZOM-00324,30,9,99.30374353367276,4.778228322102456,0,0,8,42.18074324993104,1,5639.14,1-Year,Credit Card,0
ZOM-00325,42,14,16.29314554036214,4.795658573673834,1,2,0,19.81727854372459,2,14413.25,Month-to-Month,Credit Card,0
ZOM-00326,35,9,34.21355649097874,4.199159908619478,3,1,2,38.4978557631558,3,11592.66,1-Year,Bank Transfer,0
ZOM-00327,7,11,36.34399776509346,5.0,1,0,2,30.16119333283309,3,9206.6,Month-to-Month,Credit Card,0
ZOM-00328,16,9,72.58239727786166,3.569592848729534,0,2,7,32.49873677182457,0,9952.37,2-Year,Credit Card,0
ZOM-00329,26,4,88.65977959490746,4.23880424443786,0,1,4,35.305862405814196,1,7454.8,Month-to-Month,Credit Card,0
ZOM-00330,48,8,18.379513843700224,4.946270352748029,0,1,4,19.258869178526624,2,5220.5,Month-to-Month,PayPal,1
ZOM-00331,57,13,71.36503573224292,4.448883695315262,0,1,7,29.342906488738212,1,6627.64,1-Year,Bank Transfer,0
ZOM-00332,52,3,90.96220157595891,4.266899189760571,0,1,5,48.13437078180949,1,11852.0,Month-to-Month,Bank Transfer,1
ZOM-00333,49,9,12.129566900068324,3.6037375271035663,0,1,5,15.38021977613202,1,2187.12,Month-to-Month,Credit Card,0
ZOM-00334,2,8,63.50599800633107,3.169866223609317,0,2,6,51.12550906946407,2,3508.94,Month-to-Month,Bank Transfer,0
ZOM-00335,1,7,20.23840642007948,3.65208378093993,1,0,9,29.25961973165687,3,2598.03,Month-to-Month,Credit Card,1
ZOM-00336,48,5,44.11409187612117,5.0,0,1,0,29.171084196742836,0,2529.47,2-Year,Bank Transfer,0
ZOM-00337,12,2,12.68087372565352,3.6781537592560527,0,1,8,35.967028386360475,0,13120.99,Month-to-Month,Credit Card,1
ZOM-00338,5,6,68.36191926813018,4.200900131955056,1,1,4,49.407734258063,2,11147.55,Month-to-Month,Credit Card,1
ZOM-00339,37,4,40.13753799099698,5.0,2,1,7,21.56163013904749,1,8164.26,Month-to-Month,Credit Card,1
ZOM-00340,32,8,56.72526938598034,5.0,0,1,9,29.68564039949853,2,3271.84,Month-to-Month,PayPal,1
ZOM-00341,59,10,52.35423244111623,4.079272052459758,0,1,5,42.355133329137914,2,8391.01,Month-to-Month,Credit Card,0
ZOM-00342,55,7,69.39848028351275,4.003234170848368,0,1,5,42.73897619099673,1,8155.13,Month-to-Month,Bank Transfer,0
ZOM-00343,9,9,89.55783398405191,5.0,1,3,3,53.06601116108824,2,4251.62,1-Year,Credit Card,0
ZOM-00344,41,6,27.97493383871893,3.92625242001013,1,3,2,24.14604515726607,0,7640.07,Month-to-Month,Bank Transfer,0
ZOM-00345,35,8,59.516681383355966,4.206486157903999,0,1,1,23.20616284394182,2,7180.56,Month-to-Month,PayPal,0
ZOM-00346,19,7,57.376637872518835,4.049107882199251,2,1,9,43.3193830536901,1,10006.05,2-Year,Bank Transfer,0
ZOM-00347,48,2,31.51453191709217,5.0,0,1,3,28.4054819663706,1,10256.22,Month-to-Month,Credit Card,1
ZOM-00348,16,9,49.95861547262743,4.193712597843556,0,0,0,39.44773026317602,3,2588.95,2-Year,PayPal,0
ZOM-00349,3,5,4.045317364249678,3.9407501680308945,0,2,5,42.11609716773239,3,6869.96,2-Year,Bank Transfer,0
ZOM-00350,20,11,42.69330717847474,4.755513292728639,0,2,6,18.615957626545654,1,10136.18,2-Year,Credit Card,0
ZOM-00351,24,10,27.05268861205815,5.0,0,1,4,53.37066417624692,5,8540.77,1-Year,Bank Transfer,0
ZOM-00352,54,7,86.39756500964437,3.222767207789858,0,0,9,38.55362285533902,3,13134.37,Month-to-Month,Bank Transfer,1
ZOM-00353,56,9,35.779168813933694,4.476207255085785,1,1,9,29.175449485112043,1,10563.02,Month-to-Month,Credit Card,0
ZOM-00354,33,5,19.22097267060991,3.5369103686024235,0,0,9,36.07210195333906,0,4118.15,2-Year,PayPal,0
ZOM-00355,24,6,52.96712254365523,5.0,0,0,0,37.03173794743604,1,2917.39,2-Year,Credit Card,0
ZOM-00356,52,4,81.09644476096169,3.3086711660125627,0,2,2,37.54315527240887,2,10351.45,1-Year,Credit Card,1
ZOM-00357,11,8,35.40457588677518,4.848652208133237,1,0,5,43.77197253655807,1,2344.65,2-Year,Bank Transfer,0
ZOM-00358,49,9,84.68304108357336,3.612148462438325,0,3,6,29.334873171502807,2,9615.08,1-Year,Credit Card,0
ZOM-00359,8,8,32.61295575959695,5.0,1,0,8,36.66306426551069,2,14222.99,Month-to-Month,Credit Card,0
ZOM-00360,36,9,73.55980330657654,5.0,0,1,1,31.953086302226332,0,9481.16,2-Year,Bank Transfer,0
ZOM-00361,38,4,11.525117750005908,5.0,0,0,2,38.50243672802308,2,7046.21,2-Year,PayPal,0
ZOM-00362,40,9,6.220055164521687,4.165901057975787,0,0,3,36.611749096897995,2,10362.75,2-Year,PayPal,0
ZOM-00363,20,10,73.7575905722911,3.236371057768064,0,1,4,14.69953570968087,3,7957.29,Month-to-Month,PayPal,0
ZOM-00364,35,7,36.839821397238794,4.353587792252867,0,3,6,28.38744590099306,1,9093.02,Month-to-Month,PayPal,1
ZOM-00365,48,5,39.29952741525615,4.408668078109298,1,2,5,16.9783555685389,0,14239.04,Month-to-Month,Credit Card,1
ZOM-00366,25,8,57.4152647060846,5.0,0,2,4,52.78250530881132,1,7019.33,Month-to-Month,Credit Card,0
ZOM-00367,35,9,98.68701598897752,4.307032103491935,0,2,5,44.24161989572753,1,14495.48,Month-to-Month,PayPal,0
ZOM-00368,25,9,17.150980177453622,3.630963592268839,0,0,0,22.423602715546753,1,13769.56,2-Year,Credit Card,0
ZOM-00369,29,7,29.98540785625107,4.363916383071692,1,0,7,43.39761405966693,3,4545.28,Month-to-Month,Bank Transfer,0
ZOM-00370,18,5,64.87036516466834,3.893345335146681,0,2,6,30.477044471101763,3,2901.7,Month-to-Month,Bank Transfer,0
ZOM-00371,46,10,70.09633056373453,4.124615823009772,0,1,2,36.75583971545129,1,3310.11,2-Year,Credit Card,0
ZOM-00372,18,6,70.61452590322966,5.0,1,2,1,14.732021689334406,3,2236.88,Month-to-Month,PayPal,0
ZOM-00373,2,10,59.54052681329248,3.5220901612643503,1,1,8,39.124209626250504,2,3227.76,2-Year,Bank Transfer,0
ZOM-00374,54,4,58.828386438644806,4.9692024168904645,1,2,4,39.16422063061028,1,10879.09,1-Year,Credit Card,0
ZOM-00375,35,7,14.81069495585422,3.948635442474906,1,1,8,17.05364907359463,2,2925.45,2-Year,PayPal,0
ZOM-00376,16,12,83.46253729307811,4.17221736795409,2,1,8,47.86684483331938,2,6146.68,Month-to-Month,Bank Transfer,1
ZOM-00377,41,8,0.8895811218131877,4.189987716651872,1,2,2,46.57315964033369,0,12983.38,1-Year,Credit Card,0
ZOM-00378,36,7,41.757726068317034,3.4256570545741747,0,3,2,36.91757068723883,2,2302.54,2-Year,Bank Transfer,0
ZOM-00379,33,6,21.540925178593028,4.670779981232511,0,1,8,31.061772894325177,0,12588.09,2-Year,PayPal,0
ZOM-00380,4,12,10.433991296544953,2.393983097982094,0,1,2,32.066331814229486,1,5664.11,Month-to-Month,Bank Transfer,0
ZOM-00381,33,5,31.9490804914736,3.959462667274136,0,0,6,51.46449283697113,0,3536.14,Month-to-Month,Bank Transfer,0
ZOM-00382,14,6,65.71872928538,4.436050468028802,2,2,2,53.24101480079484,2,11057.58,Month-to-Month,Credit Card,0
ZOM-00383,21,5,49.708291031451616,4.6622466507248035,1,2,0,29.48070903360733,3,10176.26,1-Year,Credit Card,0
ZOM-00384,48,10,87.35258618738173,4.624776939874944,1,4,2,17.580268753360347,4,13407.14,2-Year,PayPal,0
ZOM-00385,20,10,59.96854545787882,3.2972368571756676,0,3,4,33.61437415672713,2,11555.92,1-Year,PayPal,0
ZOM-00386,56,5,25.313403601517948,3.866653313476704,0,0,9,47.805675537181266,3,12445.25,1-Year,Credit Card,1
ZOM-00387,8,11,51.52209452909287,4.312865226191404,0,1,7,28.44651862280763,0,5666.45,1-Year,Credit Card,0
ZOM-00388,7,8,22.738580379537343,3.5993855123973804,0,0,6,24.617786395204295,1,4306.71,Month-to-Month,PayPal,0
ZOM-00389,3,4,17.86564751198121,4.341880770919899,0,2,9,53.94352366232161,0,11757.99,Month-to-Month,PayPal,1
ZOM-00390,17,8,95.502052542136,4.632499402062239,0,0,0,20.41714492607137,0,12488.85,2-Year,PayPal,0
ZOM-00391,33,3,46.803283234759675,3.766459658545371,1,0,1,49.06398965497906,2,14876.57,Month-to-Month,PayPal,1
ZOM-00392,48,4,65.12080907360505,4.714000779759606,2,3,8,35.36422882581545,1,7364.03,Month-to-Month,Credit Card,1
ZOM-00393,12,6,87.34322771895899,3.996675632629095,0,1,9,34.341570340742784,2,6836.24,Month-to-Month,Bank Transfer,1
ZOM-00394,59,13,32.21776520378089,3.5469545066410535,1,1,7,39.39988341569868,2,12093.37,2-Year,Bank Transfer,0
ZOM-00395,51,6,78.90252401118069,5.0,1,0,1,34.07281709685837,2,6430.45,Month-to-Month,Credit Card,0
ZOM-00396,22,5,78.88269344021953,3.812682970349435,0,0,2,34.26857570725522,0,14099.85,1-Year,Bank Transfer,0
ZOM-00397,55,4,82.4011902311354,3.0506195356528023,0,1,7,26.267581274419214,2,13159.37,Month-to-Month,Bank Transfer,1
ZOM-00398,22,8,18.94645442704239,3.7911001732807073,1,1,3,31.37685060035702,3,7576.92,Month-to-Month,Bank Transfer,1
ZOM-00399,46,5,96.28402342460176,4.397124677672442,0,0,1,41.83009807457247,2,11761.32,Month-to-Month,Bank Transfer,0
ZOM-00400,30,6,27.47812945868229,4.469435985387964,1,3,3,23.046214368488297,1,11809.06,Month-to-Month,Credit Card,1
ZOM-00401,38,10,77.68147737056364,3.32834505830326,0,1,5,43.731715148187824,2,3340.61,1-Year,Credit Card,0
ZOM-00402,38,16,16.230589962033193,4.697902336178887,1,0,7,33.166175960897434,1,13733.19,1-Year,Credit Card,0
ZOM-00403,45,5,92.42270585636132,4.166012751003609,1,1,2,23.014476729313504,1,8568.28,Month-to-Month,Credit Card,0
ZOM-00404,51,10,42.78452977090548,3.0394584610653106,0,0,4,33.74923121217563,1,12743.95,1-Year,Credit Card,0
ZOM-00405,54,6,66.86534518898448,2.862654146883071,1,1,2,39.20649368770875,1,6160.64,1-Year,PayPal,0
ZOM-00406,8,10,85.01918212687214,4.369540981024451,0,1,7,27.128914153694993,0,13641.8,1-Year,Credit Card,0
ZOM-00407,27,6,28.23865161238145,3.9429914803686623,0,3,7,49.10866140667578,2,7059.62,1-Year,Credit Card,0
ZOM-00408,27,9,38.89960125130347,3.492400260442741,0,1,5,44.08851099961636,1,2140.89,Month-to-Month,Bank Transfer,0
ZOM-00409,34,11,31.33892076392789,3.7037308296030433,0,0,9,41.3484808918194,5,13769.97,2-Year,Bank Transfer,0
ZOM-00410,21,4,28.2870514033552,4.1213472669356435,0,1,0,32.53356954728235,0,3186.73,Month-to-Month,Credit Card,1
ZOM-00411,30,12,51.0301449796504,4.101967023069677,1,0,2,43.4381553686607,4,6151.08,2-Year,Bank Transfer,0
ZOM-00412,33,10,54.67449937083112,4.103136996499414,1,5,6,46.539021387443064,2,14350.81,Month-to-Month,Bank Transfer,1
ZOM-00413,28,6,7.682275519002147,4.081328290859451,1,1,7,28.95600858479048,1,14357.89,Month-to-Month,Credit Card,1
ZOM-00414,47,12,67.32928604403457,5.0,2,0,2,34.91470617380952,2,9454.69,1-Year,Bank Transfer,0
ZOM-00415,33,10,42.00013120093507,3.791699315506612,2,2,5,33.38785410510241,1,10213.88,Month-to-Month,Credit Card,0
ZOM-00416,5,6,88.95293401136996,4.783470397396489,0,0,1,32.958773262331924,0,7829.79,2-Year,PayPal,0
ZOM-00417,48,10,88.5522416889137,4.6865093838567855,1,1,0,49.02956958017659,0,5811.74,2-Year,Bank Transfer,0
ZOM-00418,19,8,72.00927833744798,3.735125246869615,0,2,8,46.93657398366237,1,6272.64,Month-to-Month,Credit Card,1
ZOM-00419,4,10,85.37831880051661,2.841043277615658,0,1,8,45.277765157692144,1,10742.74,Month-to-Month,Credit Card,1
ZOM-00420,35,6,92.25140868680997,3.864151809949156,0,0,4,40.999967319907334,3,11780.87,2-Year,Bank Transfer,1
ZOM-00421,49,5,57.73288703059316,2.8745705569600406,0,1,0,35.49554025439994,0,12290.53,Month-to-Month,Credit Card,0
ZOM-00422,17,15,97.19063591691616,2.750167501683174,0,2,1,33.356279106008344,1,12265.04,1-Year,Credit Card,0
ZOM-00423,44,11,95.53988613899182,3.792927197200788,1,2,0,39.46734424414269,1,3185.68,Month-to-Month,Bank Transfer,0
ZOM-00424,28,6,10.988266455152274,4.263488922272589,0,0,5,19.376540900591156,0,8427.46,1-Year,Credit Card,0
ZOM-00425,30,10,52.2755036443784,4.02863084766135,2,1,1,43.94429395899277,2,2748.26,Month-to-Month,Credit Card,0
ZOM-00426,29,8,11.446746433075782,2.8952857642332543,0,0,0,44.66897954013579,2,9143.88,1-Year,PayPal,0
ZOM-00427,46,13,68.4133564956521,3.2284383119740396,3,0,9,25.79849337390092,0,7739.9,1-Year,Credit Card,0
ZOM-00428,53,5,76.52757858794331,4.320413181019366,0,1,5,21.51183408207165,1,13540.15,1-Year,PayPal,0
ZOM-00429,6,10,88.46779662402882,4.695838710752619,0,3,1,40.48407140242387,2,6561.9,1-Year,Credit Card,0
ZOM-00430,35,10,65.00095384968161,3.5325487258940544,0,1,8,19.68947550409633,0,3521.87,1-Year,PayPal,0
ZOM-00431,41,2,45.39927755320734,4.177503364411577,1,2,9,38.009076930049325,2,3858.89,2-Year,Credit Card,1
ZOM-00432,37,9,15.593698865883098,4.364859264685826,0,0,2,27.31980832076828,1,11899.64,1-Year,Credit Card,0
ZOM-00433,24,8,12.510398170243189,5.0,0,1,9,20.845617575681533,1,10036.83,Month-to-Month,Bank Transfer,0
ZOM-00434,29,12,48.566728864711706,5.0,0,1,7,42.27557966063053,1,3314.59,Month-to-Month,Credit Card,0
ZOM-00435,49,7,83.25477017783317,4.676567902834693,0,1,8,49.09423376287073,2,3093.39,2-Year,PayPal,0
ZOM-00436,46,11,75.07187303842728,2.5616859456774845,0,1,9,31.09782796313271,4,11112.6,1-Year,Credit Card,1
ZOM-00437,53,7,88.08017613032345,5.0,1,2,4,43.36187483559314,2,2945.92,Month-to-Month,Credit Card,0
ZOM-00438,31,8,81.09902105612193,4.578275241808087,1,2,5,27.379835473565443,2,12684.18,2-Year,Bank Transfer,0
ZOM-00439,35,10,20.546655574172224,3.680316943608189,1,0,9,43.948010044953485,2,11181.15,2-Year,Credit Card,0
ZOM-00440,33,7,20.03244104452433,5.0,0,2,4,30.161508692097257,0,3057.53,Month-to-Month,Credit Card,0
ZOM-00441,52,9,45.80133007197416,3.947417840141961,1,2,5,49.32866919088262,1,3102.89,Month-to-Month,Bank Transfer,1
ZOM-00442,21,8,19.115573223567303,5.0,1,1,1,12.539474378408478,4,14826.31,1-Year,Bank Transfer,0
ZOM-00443,32,7,18.74742694869111,3.29719913123582,1,0,8,29.801679356621992,1,6865.52,1-Year,PayPal,0
ZOM-00444,23,9,26.777893593483636,3.85767914704368,0,1,6,31.392339162906907,0,6818.35,2-Year,PayPal,0
ZOM-00445,33,10,2.2567186746964563,2.553531499376281,0,2,5,19.30261065085179,0,12566.39,2-Year,Credit Card,0
ZOM-00446,3,6,57.13426643642829,3.828638670842867,2,2,3,42.11649082983657,3,14314.23,Month-to-Month,Bank Transfer,1
ZOM-00447,18,3,39.660677738726825,5.0,0,4,9,34.57069295934751,0,14818.01,Month-to-Month,Credit Card,1
ZOM-00448,25,7,23.73958161608766,3.7540008429293663,0,1,8,42.78476819208637,0,11793.92,Month-to-Month,Bank Transfer,1
ZOM-00449,42,2,13.422390353798086,3.530723278862256,0,1,6,27.61212852275553,1,6891.37,Month-to-Month,Credit Card,1
ZOM-00450,31,10,45.585026768966465,5.0,1,0,3,24.01646811298294,1,3085.51,2-Year,PayPal,0
ZOM-00451,54,4,60.19583898640401,4.326119079368262,0,3,2,29.47644772714667,0,12102.91,Month-to-Month,Bank Transfer,0
ZOM-00452,58,7,97.32773333663948,4.309251077341063,0,2,9,22.95686424334204,0,9259.26,Month-to-Month,PayPal,1
ZOM-00453,3,13,25.38238661824439,3.3233554798733818,0,1,7,31.69493896336543,1,7514.89,1-Year,PayPal,0
ZOM-00454,40,7,2.633490881888356,3.3913798836212186,0,2,5,48.4159676562254,0,13782.61,1-Year,PayPal,0
ZOM-00455,46,8,73.60151068371887,4.002411895038885,1,3,1,37.732740184950515,1,3445.57,Month-to-Month,PayPal,1
ZOM-00456,24,5,23.51695759715374,2.6542109801641938,0,0,6,41.64849946145819,2,8404.13,1-Year,Credit Card,0
ZOM-00457,50,8,48.4263662859154,4.840692482844742,0,1,7,30.55732590973802,0,2147.6,Month-to-Month,Credit Card,0
ZOM-00458,32,8,80.82251993307126,4.689499043132908,0,1,4,25.629644361737384,1,8092.59,Month-to-Month,Credit Card,0
ZOM-00459,47,6,3.6976852904578417,4.534099849744315,1,2,2,36.89378751065417,2,2731.94,2-Year,Credit Card,0
ZOM-00460,22,9,14.151925645067676,3.147015931660575,0,4,7,35.52026933871562,1,3544.63,Month-to-Month,Bank Transfer,1
ZOM-00461,23,13,9.817604917705935,4.763332399950912,0,0,1,45.88832059690688,1,3527.84,1-Year,Bank Transfer,0
ZOM-00462,2,9,23.372637788146974,3.516939168753977,1,0,9,47.63815953409293,0,10439.73,1-Year,Bank Transfer,0
ZOM-00463,27,10,17.303188373288826,5.0,0,0,5,44.53729104722548,0,11698.58,1-Year,PayPal,0
ZOM-00464,42,11,31.660182650916056,3.9555375472937273,0,2,6,55.90323622918869,1,9583.79,2-Year,PayPal,0
ZOM-00465,2,8,74.63045976536547,4.26239670173516,1,4,9,35.620913534704776,1,14508.24,Month-to-Month,Credit Card,1
ZOM-00466,26,7,4.234374497926141,4.704714136226474,0,0,8,41.3735446421418,0,6873.32,2-Year,Credit Card,0
ZOM-00467,17,4,7.376388423293124,4.440257371394913,0,1,4,47.21134639978114,0,5714.26,Month-to-Month,Credit Card,0
ZOM-00468,40,3,56.43238285561115,1.6357723417348464,0,2,0,43.34900967090493,2,13291.79,1-Year,Credit Card,1
ZOM-00469,33,10,52.02597537853676,2.818659405805253,1,3,9,45.009917641533576,2,4906.75,Month-to-Month,Bank Transfer,1
ZOM-00470,9,12,47.40750733411674,3.5719327689903873,1,0,1,35.71540256274803,4,14521.89,Month-to-Month,Bank Transfer,0
ZOM-00471,43,8,51.590893474796495,4.5250322789526285,0,0,7,34.34772143523846,2,2158.01,Month-to-Month,Bank Transfer,0
ZOM-00472,54,10,74.2038888869082,5.0,0,1,0,32.02794461539444,1,14608.42,2-Year,PayPal,0
ZOM-00473,48,6,57.61140384734483,3.954613170700601,0,1,1,33.04456322193253,2,2561.08,1-Year,PayPal,0
ZOM-00474,39,6,45.69731409090607,4.84894948987257,1,1,4,35.47411355802739,2,13584.86,1-Year,Credit Card,0
ZOM-00475,29,8,8.175099464310298,4.742668558811674,0,2,9,28.3163568475691,0,8860.11,1-Year,Bank Transfer,0
ZOM-00476,42,8,97.4771113973249,3.1279301734805145,0,1,2,23.837333688964375,1,14908.54,1-Year,Credit Card,0
ZOM-00477,55,11,23.933364837142545,4.195776230406674,0,0,3,23.4915746150916,5,2959.36,2-Year,Credit Card,0
ZOM-00478,26,7,86.91579142182482,3.7185286681861944,1,0,9,47.82350761176219,0,9200.11,Month-to-Month,Credit Card,1
ZOM-00479,35,9,37.89777075600952,3.4641708584926816,0,2,4,30.75328230713371,3,14600.93,1-Year,Credit Card,0
ZOM-00480,50,10,68.39364917995844,5.0,3,1,2,41.023491096719575,0,8800.27,Month-to-Month,Bank Transfer,0
ZOM-00481,25,8,45.41297131538416,4.505628345804419,1,0,4,33.524426696817606,1,10182.18,Month-to-Month,Credit Card,0
ZOM-00482,24,4,35.4162751752804,3.5324775493852685,0,1,2,48.267350697186025,0,11044.73,1-Year,Bank Transfer,0
ZOM-00483,13,9,61.430505094530595,3.722908806399992,0,0,0,22.458504807247696,3,7909.03,2-Year,Bank Transfer,0
ZOM-00484,58,3,53.61064161127804,4.303620422525607,0,2,6,33.236317160473405,2,10158.26,1-Year,Credit Card,1
ZOM-00485,7,12,23.24324069629542,4.497310540437467,0,0,3,29.83919805357015,1,9596.09,1-Year,Credit Card,0
ZOM-00486,57,9,33.6241798891699,2.634169820837477,2,1,7,34.92840123421453,3,13715.05,Month-to-Month,Credit Card,1
ZOM-00487,36,7,3.437678864072624,5.0,1,0,3,44.119018275032545,2,2590.8,2-Year,Credit Card,0
ZOM-00488,45,9,19.35836286843774,4.363264382527221,3,1,6,33.989019012038526,0,5652.52,2-Year,Bank Transfer,0
ZOM-00489,20,4,33.583300948662284,3.4611357634401965,3,0,2,28.980263213374418,2,14355.35,Month-to-Month,Bank Transfer,1
ZOM-00490,1,6,97.21213096073998,5.0,1,2,1,34.9732508695268,2,13573.43,Month-to-Month,Credit Card,0
ZOM-00491,8,5,52.7088934765627,4.548631549498208,0,1,2,31.83965047382763,1,7923.54,Month-to-Month,Credit Card,0
ZOM-00492,46,9,70.07962226336119,5.0,0,3,6,39.64564230921377,0,10061.72,Month-to-Month,Credit Card,0
ZOM-00493,16,12,67.36003662632004,5.0,0,0,2,9.481192038877646,1,5605.96,2-Year,Credit Card,0
ZOM-00494,14,5,98.08879288592972,5.0,1,2,9,31.52213849815645,2,4445.58,Month-to-Month,Credit Card,1
ZOM-00495,12,8,55.56652793288567,5.0,1,1,7,35.56714706467108,2,8028.08,Month-to-Month,Bank Transfer,0
ZOM-00496,51,7,58.54944272982194,4.9558265456281,1,3,7,42.854541537254995,2,6593.58,Month-to-Month,Credit Card,1
ZOM-00497,23,10,30.007017670361545,4.812030506208372,1,2,0,43.99375892991221,3,9587.53,1-Year,Bank Transfer,1
ZOM-00498,15,8,62.611783596545166,5.0,2,1,6,28.26795425587237,2,3010.55,1-Year,Bank Transfer,0
ZOM-00499,28,8,75.77244219512662,3.749749647857307,1,1,7,30.780046994219845,2,14667.13,1-Year,Credit Card,0
ZOM-00500,34,10,10.325338066840562,4.532500986508741,0,0,8,18.15532147266194,3,14820.74,2-Year,Credit Card,0
